name,year,player_id,college,position,height,weight,hand_size,arm_length,wonderlic,dash,bench,vert_leap,broad_jump,shuttle,cone,long_shuttle
"Jamal Adams",2017,6845,LSU,S,72,214,9.25,33.38,0,4.56,18,31.5,120.0,0.0,6.96,0.0
"Montravius Adams",2017,5279,Auburn,DT,76,304,9.25,32.75,0,4.87,22,29.0,108.0,0.0,7.62,0.0
"Rodney Adams",2017,5280,"South Florida",WR,73,189,9.0,32.0,0,4.44,8,29.5,125.0,4.32,6.98,0.0
"Quincy Adeboyejo",2017,5281,Mississippi,WR,75,197,9.38,31.75,0,4.42,8,34.5,123.0,0.0,6.73,0.0
"Brian Allen",2017,5433,Utah,DB,75,215,10.0,34.0,0,4.48,15,34.5,117.0,0.0,6.64,0.0
"Jonathan Allen",2017,5282,Alabama,DE,75,286,9.38,33.63,0,5.0,21,30.0,108.0,4.44,7.49,0.0
"Ryan Anderson",2017,5434,Alabama,OLB,74,253,9.38,31.5,0,4.78,0,0.0,0.0,0.0,0.0,0.0
"Gavin Andrews",2017,6846,"Oregon St.",OG,77,340,0.0,0.0,0,0.0,0,0.0,0.0,5.09,0.0,0.0
"Alex Anzalone",2017,5435,Florida,LB,75,241,9.13,32.13,0,4.63,16,30.5,116.0,0.0,6.88,0.0
"Isaac Asiata",2017,5283,Utah,OG,75,323,10.38,33.75,0,5.34,35,25.5,102.0,5.0,7.83,0.0
"Antony Auclair",2017,6847,"none (CFL)",TE,78,254,0.0,0.0,0,0.0,0,0.0,0.0,4.45,0.0,12.08
"Erik Austell",2017,5284,"Charleston Southern",OT,75,301,9.0,32.0,0,5.23,24,27.5,107.0,0.0,8.13,0.0
"Chidobe Awuzie",2017,5436,Colorado,CB,72,202,8.5,30.63,0,4.43,16,34.5,132.0,4.18,6.81,0.0
"Budda Baker",2017,5437,Washington,S,70,195,9.0,30.75,0,4.45,15,32.5,115.0,4.68,6.76,0.0
"Toby Baker",2017,5438,Arkansas,P,75,210,9.25,31.63,0,0.0,0,0.0,0.0,0.0,0.0,0.0
"Zach Banner",2017,5285,USC,OT,80,353,10.75,34.88,0,5.58,22,23.5,92.0,4.58,8.31,0.0
"Derek Barnett",2017,5439,Tennessee,DE,75,259,10.0,32.13,0,4.88,0,31.0,117.0,4.44,6.96,11.71
"Tarell Basham",2017,5440,Ohio,DE,76,269,10.25,34.25,0,4.7,15,31.5,119.0,4.44,7.27,0.0
"C.J. Beathard",2017,5286,Iowa,QB,74,219,9.38,30.63,0,0.0,0,31.0,113.0,0.0,0.0,0.0
"Kendell Beckwith",2017,5441,LSU,ILB,74,243,9.5,33.0,0,0.0,20,0.0,0.0,0.0,0.0,0.0
"Collin Bevins",2017,6848,"Northwest Missouri St.",DE,78,285,0.0,0.0,0,0.0,0,0.0,0.0,4.39,0.0,0.0
"Vince Biegel",2017,5442,Wisconsin,OLB,75,246,9.13,32.38,0,4.67,21,33.5,118.0,0.0,6.92,0.0
"Adam Bisnowaty",2017,5443,Pittsburgh,OT,78,304,11.38,33.88,0,5.23,23,29.5,96.0,4.9,8.02,0.0
"Victor Bolden Jr.",2017,5287,"Oregon St.",WR,68,178,9.0,31.13,0,4.54,9,32.0,117.0,4.0,6.83,11.14
"Garett Bolles",2017,6849,Utah,OT,77,297,9.38,34.0,0,4.95,0,28.0,115.0,0.0,7.29,0.0
"Ben Boulware",2017,5445,Clemson,ILB,72,238,10.0,30.5,0,0.0,20,29.5,111.0,0.0,7.02,0.0
"Kendrick Bourne",2017,5288,"Eastern Washington",WR,73,203,9.13,32.5,0,4.68,9,34.0,125.0,4.55,6.73,12.21
"Tashawn Bower",2017,5446,LSU,DE,77,250,9.88,33.38,0,4.82,20,31.5,121.0,4.38,7.2,0.0
"Tyus Bowser",2017,5447,Houston,LB,75,247,10.13,33.25,0,4.65,21,37.5,127.0,4.29,6.75,0.0
"Ben Braden",2017,5289,Michigan,OG,78,329,9.88,34.0,0,5.04,25,28.0,102.0,0.0,7.85,0.0
"Caleb Brantley",2017,5290,Florida,DT,75,307,9.75,32.0,0,5.14,21,27.0,105.0,4.5,7.66,0.0
"Billy Brown",2017,6850,Shepherd,WR,76,255,10.38,33.0,0,4.7,23,29.0,118.0,4.14,0.0,11.75
"Blair Brown",2017,5449,Ohio,LB,71,238,9.38,31.25,0,4.65,0,37.0,124.0,0.0,6.92,0.0
"Fadol Brown",2017,5450,Mississippi,DE,76,273,10.25,35.0,0,4.94,19,34.0,115.0,0.0,7.24,0.0
"Jayon Brown",2017,5451,UCLA,LB,72,231,9.63,31.38,0,4.7,17,31.5,120.0,0.0,0.0,0.0
"Noah Brown",2017,5291,"Ohio St.",WR,74,222,9.13,31.75,0,0.0,19,0.0,0.0,4.29,7.07,0.0
"Pharaoh Brown",2017,5453,Oregon,TE,78,255,10.38,35.63,0,0.0,24,34.0,0.0,4.62,0.0,0.0
"Daniel Brunskill",2017,5452,"San Diego St.",OT,77,273,9.88,33.88,0,0.0,17,28.0,106.0,0.0,7.9,0.0
"Collin Buchanan",2017,5454,"Miami (OH)",OL,77,316,10.5,32.38,0,0.0,23,25.0,97.0,4.75,0.0,0.0
"Riley Bullough",2017,5455,"Michigan St.",LB,74,226,9.88,31.25,0,0.0,20,31.5,116.0,4.38,0.0,11.91
"Harrison Butker",2017,6851,"Georgia Tech",K,76,199,8.75,31.75,0,0.0,0,0.0,0.0,0.0,0.0,0.0
"Jake Butt",2017,5456,Michigan,TE,77,246,10.0,32.0,0,0.0,0,0.0,0.0,0.0,0.0,0.0
"K.D. Cannon",2017,5292,Baylor,WR,71,182,8.88,30.75,0,4.41,13,37.0,119.0,4.2,0.0,0.0
"Josh Carraway",2017,5457,TCU,DE,75,242,9.25,34.25,0,4.74,25,29.5,120.0,4.42,7.2,12.48
"Christopher Carson",2017,6852,"Oklahoma St.",RB,72,218,9.63,33.25,0,4.58,23,37.0,130.0,0.0,0.0,0.0
"Cethan Carter",2017,5458,Nebraska,TE,75,241,9.0,32.38,0,4.68,19,0.0,0.0,4.47,0.0,0.0
"Jamal Carter",2017,6853,Miami,S,73,218,9.38,31.0,0,4.64,19,35.0,122.0,4.28,0.0,0.0
"Taco Charlton",2017,5459,Michigan,DE,78,277,9.75,34.25,0,4.92,25,33.0,116.0,0.0,7.17,0.0
"Jehu Chesson",2017,5294,Michigan,WR,75,204,9.13,33.25,0,4.47,10,35.5,132.0,4.21,6.7,0.0
"Chuck Clark",2017,5460,"Virginia Tech",DB,72,208,9.0,32.25,0,4.54,16,34.0,122.0,4.14,6.85,11.62
"Jeremy Clark",2017,5461,Michigan,CB,75,220,9.38,32.88,0,0.0,20,0.0,0.0,4.5,0.0,0.0
"Corey Clement",2017,5295,Wisconsin,RB,70,220,9.75,30.5,0,4.68,19,28.5,115.0,4.53,0.0,0.0
"Chunky Clements",2017,5296,Illinois,DT,74,301,10.38,32.88,0,0.0,23,0.0,0.0,4.96,0.0,0.0
"Tarik Cohen",2017,5297,"North Carolina A&T",RB,66,179,10.13,29.75,0,4.42,11,31.5,118.0,0.0,0.0,0.0
"Stacy Coley",2017,5298,Miami,WR,72,195,9.75,32.25,0,4.45,10,34.0,122.0,4.39,0.0,0.0
"Aviante Collins",2017,5299,TCU,OT,76,295,9.38,33.38,0,4.81,34,0.0,0.0,4.73,0.0,0.0
"Gareon Conley",2017,5462,"Ohio St.",CB,72,195,9.5,33.0,0,4.44,11,37.0,129.0,4.19,6.68,0.0
"James Conner",2017,5300,Pittsburgh,RB,73,233,9.88,31.25,0,4.65,20,29.0,113.0,0.0,0.0,0.0
"Dalvin Cook",2017,5301,"Florida St.",RB,70,210,9.25,32.38,0,4.49,22,30.5,116.0,0.0,7.27,0.0
"Ethan Cooper",2017,5302,"Indiana (PA)",OG,74,322,10.38,32.63,0,5.36,26,24.5,99.0,0.0,8.02,0.0
"Zach Cunningham",2017,5464,Vanderbilt,LB,75,234,9.25,34.38,0,4.67,15,35.0,125.0,0.0,7.03,0.0
"Jeremy Cutrer",2017,6854,"Middle Tennessee St.",CB,74,170,0.0,0.0,0,0.0,0,0.0,0.0,4.26,0.0,0.0
"Darrell Daniels",2017,5465,Washington,TE,75,247,10.25,34.5,0,4.55,17,32.0,116.0,4.09,7.09,0.0
"Amara Darboh",2017,5303,Michigan,WR,74,214,9.88,32.63,0,4.45,17,36.0,124.0,4.26,0.0,11.88
"Julien Davenport",2017,5466,Bucknell,OT,79,318,10.5,36.5,0,5.45,18,27.0,106.0,0.0,7.57,0.0
"Corey Davis",2017,5304,"Western Michigan",WR,75,209,9.13,33.0,0,0.0,0,0.0,0.0,4.28,0.0,11.48
"Jarrad Davis",2017,5467,Florida,LB,73,238,9.75,33.5,0,0.0,0,0.0,0.0,4.39,0.0,0.0
"Justin Davis",2017,5305,USC,RB,73,208,9.63,31.0,0,0.0,21,0.0,0.0,4.32,0.0,11.29
"Keionta Davis",2017,5468,Tennessee-Chattanooga,DE,75,271,9.5,34.0,0,0.0,0,0.0,0.0,4.46,0.0,0.0
"Kevin Davis",2017,5469,"Colorado St.",LB,74,235,10.25,32.38,0,4.91,11,30.5,110.0,4.5,7.18,0.0
"Robert Davis",2017,5306,"Georgia State",WR,75,219,9.63,33.0,0,4.44,19,41.0,136.0,4.19,6.82,11.77
"Dion Dawkins",2017,5307,Temple,OG,76,314,9.88,35.0,0,5.11,26,26.0,106.0,4.68,7.3,0.0
"Matt Dayes",2017,6855,"N.C. State",RB,69,205,10.5,30.0,0,0.0,18,28.0,109.0,0.0,0.0,0.0
"Treston DeCoud",2017,5470,"Oregon St.",CB,74,206,9.25,33.0,0,4.62,11,31.0,116.0,0.0,0.0,0.0
"J.J. Dielman",2017,5471,Utah,C,77,309,10.0,32.25,0,0.0,27,0.0,0.0,4.84,0.0,0.0
"Joshua Dobbs",2017,5309,Tennessee,QB,75,216,9.25,32.63,0,4.64,0,33.0,122.0,4.41,6.75,0.0
"Dylan Donahue",2017,5472,"West Georgia",DL,75,248,9.0,30.25,0,4.75,26,29.5,116.0,0.0,7.02,0.0
"Rasul Douglas",2017,5473,"West Virginia",CB,74,209,9.25,32.38,0,4.59,16,33.5,120.0,0.0,6.97,0.0
"Jessamen Dunker",2017,5310,"Tennessee St.",OG,76,318,10.0,33.5,0,4.98,23,28.5,108.0,4.13,0.0,11.2
"Malachi Dupre",2017,5311,LSU,WR,74,196,9.0,31.5,0,4.52,11,39.5,135.0,4.13,7.19,0.0
"Travin Dural",2017,5312,LSU,WR,73,202,9.0,32.0,0,4.57,0,30.5,116.0,4.54,7.29,0.0
"Ken Ekanem",2017,5474,"Virginia Tech",DL,75,257,10.5,32.0,0,4.88,0,30.5,115.0,4.4,7.38,0.0
"Corn Elder",2017,5475,Miami,CB,70,183,8.75,31.25,0,4.55,0,0.0,0.0,0.0,0.0,0.0
"Pat Elflein",2017,5313,"Ohio St.",C,75,303,9.75,33.25,0,5.32,22,23.5,99.0,0.0,7.94,0.0
"Jake Elliott",2017,6856,Memphis,K,69,167,9.0,29.0,0,4.79,0,0.0,0.0,0.0,0.0,0.0
"Jermaine Eluemunor",2017,5314,"Texas A&M",OL,76,332,9.5,33.25,0,5.22,34,0.0,0.0,0.0,0.0,0.0
"Darius English",2017,6857,"South Carolina",OLB,78,245,0.0,0.0,0,0.0,0,0.0,0.0,4.94,0.0,0.0
"Evan Engram",2017,5477,Mississippi,TE,75,234,10.0,33.5,0,4.42,19,36.0,125.0,4.33,6.92,0.0
"Amba Etta-Tawo",2017,5315,Syracuse,WR,73,208,9.13,32.0,0,4.49,14,31.0,126.0,4.34,6.95,0.0
"Jerod Evans",2017,5316,"Virginia Tech",QB,75,232,9.38,33.13,0,4.8,0,26.5,112.0,4.25,0.0,0.0
"Justin Evans",2017,6858,"Texas A&M",S,72,199,9.75,32.0,0,0.0,14,0.0,0.0,0.0,0.0,0.0
"Gerald Everett",2017,5478,"South Alabama",TE,75,239,8.5,33.0,0,4.62,22,37.5,126.0,4.18,6.99,11.57
"Dan Feeney",2017,5317,Indiana,OG,76,305,10.25,33.38,0,5.24,26,28.0,101.0,0.0,7.52,0.0
"Devonte Fields",2017,5479,Louisville,OLB,74,236,9.0,32.38,0,4.72,0,34.0,124.0,4.88,7.4,0.0
"Tarean Folston",2017,6859,"Notre Dame",RB,69,214,0.0,0.0,0,0.0,0,0.0,0.0,4.2,0.0,11.53
"Isaiah Ford",2017,5318,"Virginia Tech",WR,73,194,9.25,32.63,0,4.61,14,35.5,127.0,0.0,6.94,0.0
"Rudy Ford",2017,6860,Auburn,S,71,205,8.88,30.0,0,0.0,20,0.0,0.0,4.21,0.0,11.22
"D'Onta Foreman",2017,5319,Texas,RB,72,233,10.13,31.38,0,0.0,18,0.0,0.0,4.28,0.0,0.0
"Reuben Foster",2017,5481,Alabama,LB,72,229,10.25,32.38,0,0.0,0,0.0,0.0,0.0,0.0,0.0
"Leonard Fournette",2017,5320,LSU,RB,72,240,9.25,31.63,0,4.51,0,28.5,0.0,0.0,0.0,0.0
"Kyle Fuller",2017,6861,Baylor,CB,72,190,9.38,32.88,0,4.49,12,38.5,128.0,0.0,6.9,0.0
"Wayne Gallman",2017,5322,Clemson,RB,72,215,9.13,32.63,0,4.6,21,29.5,120.0,4.13,7.17,11.92
"Antonio Garcia",2017,5482,Troy,OT,78,302,9.88,33.38,0,5.15,24,31.0,108.0,0.0,7.98,0.0
"Myles Garrett",2017,5483,"Texas A&M",DE,76,272,10.25,35.25,0,4.64,33,41.0,128.0,4.2,0.0,11.43
"Ben Gedeon",2017,5484,Michigan,ILB,74,244,10.0,32.63,0,4.75,27,34.5,119.0,4.39,6.98,11.84
"Avery Gennesy",2017,5323,"Texas A&M",OT,75,318,9.5,33.63,0,5.35,24,20.0,91.0,4.9,8.08,0.0
"Nate Gerry",2017,6862,Nebraska,S,74,218,9.25,31.25,0,4.58,17,30.5,122.0,0.0,0.0,0.0
"Shelton Gibson",2017,5324,"West Virginia",WR,71,191,8.88,32.0,0,4.5,8,32.0,118.0,4.35,6.83,11.79
"Ryan Glasgow",2017,5325,Michigan,DT,75,302,9.63,33.38,0,5.13,20,27.5,105.0,4.62,7.55,0.0
"Davon Godchaux",2017,6863,LSU,DT,75,310,10.25,32.38,0,5.27,18,0.0,0.0,4.43,0.0,0.0
"Kenny Golladay",2017,5328,"Northern Illinois",WR,76,218,9.75,32.0,0,4.5,18,35.5,120.0,0.0,7.0,0.0
"Zane Gonzalez",2017,6864,"Arizona State",K,72,202,9.0,29.5,0,0.0,0,0.0,0.0,0.0,0.0,0.0
"Evan Goodman",2017,6865,"Arizona State",OG,76,306,0.0,0.0,0,0.0,0,0.0,0.0,4.81,0.0,0.0
"Shaquill Griffin",2017,5485,"Central Florida",DB,72,194,8.75,32.38,0,4.38,17,38.5,132.0,0.0,6.87,0.0
"Nate Hairston",2017,5486,Temple,CB,72,196,9.5,31.0,0,4.52,14,35.5,118.0,4.45,0.0,0.0
"Daeshon Hall",2017,5487,"Texas A&M",DE,77,266,9.63,35.0,0,4.76,18,36.0,123.0,4.63,7.03,0.0
"Chad Hansen",2017,5329,California,WR,74,202,10.13,32.13,0,4.53,11,35.0,119.0,4.01,6.74,11.17
"Sean Harlow",2017,5330,"Oregon St.",OG,76,303,9.5,32.0,0,5.15,26,30.5,105.0,0.0,8.16,0.0
"Charles Harris",2017,5488,Missouri,DE,75,253,9.63,32.38,0,4.82,21,32.0,109.0,4.56,7.47,0.0
"Connor Harris",2017,5489,Lindenwood,ILB,71,242,9.38,30.13,0,4.73,18,33.0,114.0,4.18,7.13,0.0
"Josh Harvey-Clemons",2017,6866,Louisville,S,76,217,10.38,35.38,0,0.0,12,31.5,121.0,0.0,0.0,0.0
"Keon Hatcher",2017,5331,Arkansas,WR,73,212,9.5,32.0,0,4.64,16,0.0,0.0,4.28,0.0,0.0
"Carlos Henderson",2017,5332,"Louisiana Tech",WR,71,199,9.13,31.38,0,4.46,13,36.0,131.0,0.0,7.18,0.0
"DeAngelo Henderson",2017,5333,"Coastal Carolina",RB,67,208,9.5,29.0,0,4.48,20,34.0,120.0,0.0,0.0,0.0
"Trey Hendrickson",2017,5490,"Florida Atlantic",DE,76,266,9.88,32.0,0,4.65,0,33.5,122.0,4.4,7.03,12.43
"Jordan Herdman",2017,6867,"Simon Fraser",LB,71,238,8.13,29.88,0,0.0,0,0.0,0.0,0.0,0.0,0.0
"Cole Hikutini",2017,5491,Louisville,TE,76,247,10.0,32.75,0,0.0,20,0.0,0.0,4.34,0.0,0.0
"Brian Hill",2017,5335,Wyoming,RB,73,219,8.88,31.38,0,4.54,15,34.0,125.0,0.0,7.03,0.0
"Delano Hill",2017,5492,Michigan,SS,73,216,9.38,32.13,0,4.47,17,33.5,115.0,4.21,6.96,0.0
"Bucky Hodges",2017,5493,"Virginia Tech",TE,78,257,10.13,32.5,0,4.57,18,39.0,134.0,4.16,0.0,11.46
"Krishawn Hogan",2017,6868,"Marian (IN)",WR,75,222,9.88,32.13,0,4.56,13,36.5,124.0,0.0,6.74,0.0
"Colin Holba",2017,5336,Louisville,LS,76,248,9.63,33.63,0,5.19,0,28.0,115.0,0.0,0.0,0.0
"Mack Hollins",2017,5337,"North Carolina",WR,76,221,9.75,33.25,0,4.53,0,0.0,0.0,0.0,0.0,0.0
"Elijah Hood",2017,5338,"North Carolina",RB,71,232,9.38,30.38,0,0.0,18,0.0,0.0,4.34,0.0,0.0
"Malik Hooker",2017,5495,"Ohio St.",S,73,206,10.75,32.25,0,0.0,0,0.0,0.0,0.0,0.0,0.0
"Bug Howard",2017,5339,"North Carolina",WR,76,221,10.38,33.13,0,4.58,0,37.5,119.0,4.15,6.95,0.0
"O.J. Howard",2017,5496,Alabama,TE,78,251,10.0,33.75,0,4.51,22,30.0,121.0,4.38,6.85,12.38
"Marlon Humphrey",2017,5497,Alabama,CB,72,197,8.75,32.25,0,4.41,10,0.0,125.0,4.28,6.75,0.0
"Hayden Hunt",2017,5498,"Colorado St.",P,72,212,9.25,29.88,0,0.0,0,0.0,0.0,0.0,0.0,0.0
"Kareem Hunt",2017,5340,Toledo,RB,70,216,9.63,31.38,0,4.62,18,36.5,119.0,0.0,0.0,0.0
"Danny Isidora",2017,5341,Miami,OG,75,306,9.88,33.0,0,5.03,26,29.0,94.0,5.38,8.13,0.0
"Adoree Jackson",2017,5499,USC,CB,70,186,9.25,31.38,0,4.42,0,36.0,122.0,0.0,0.0,0.0
"Eddie Jackson",2017,6869,Alabama,S,72,201,9.25,32.25,0,0.0,10,0.0,0.0,4.2,0.0,11.5
"Blake Jarwin",2017,6870,"Oklahoma St.",TE,77,248,0.0,0.0,0,0.0,0,0.0,0.0,4.33,0.0,12.06
"Lorenzo Jerome",2017,6871,"St. Francis (PA)",S,70,204,8.63,30.63,0,4.7,11,0.0,0.0,4.18,7.63,11.57
"Dorian Johnson",2017,5342,Pittsburgh,OG,77,300,10.88,35.25,0,5.27,21,30.0,114.0,4.58,8.39,0.0
"Jadar Johnson",2017,6872,Clemson,S,72,206,9.25,32.0,0,4.6,19,33.0,119.0,4.18,6.9,0.0
"Jaleel Johnson",2017,5343,Iowa,DT,75,316,9.63,33.25,0,5.38,19,28.0,100.0,4.75,7.64,0.0
"John Johnson",2017,6873,"Boston College",S,72,208,9.88,32.0,0,4.61,14,37.0,119.0,0.0,6.72,0.0
"Roderick Johnson",2017,5502,"Florida St.",OT,79,298,10.75,36.0,0,0.0,0,0.0,0.0,5.17,0.0,0.0
"Cameron Johnston",2017,5503,"Ohio St.",P,71,194,9.0,31.0,0,4.92,0,0.0,0.0,0.0,0.0,0.0
"Aaron Jones",2017,5344,"Texas-El Paso",RB,69,208,9.5,32.5,0,4.56,16,37.5,127.0,4.28,6.82,0.0
"D.J. Jones",2017,5345,Mississippi,DT,73,319,10.25,32.5,0,5.04,25,28.5,108.0,4.66,7.73,0.0
"Jarron Jones",2017,5346,"Notre Dame",DT,78,316,10.5,35.5,0,5.33,22,20.5,0.0,4.53,0.0,0.0
"Josh Jones",2017,6874,"N.C. State",S,73,220,9.38,32.0,0,4.41,20,37.5,132.0,4.27,0.0,0.0
"Nazair Jones",2017,5347,"North Carolina",DT,77,304,10.88,34.63,0,5.11,0,24.5,101.0,0.0,7.93,0.0
"Sidney Jones",2017,5504,Washington,CB,72,186,9.38,31.5,0,4.47,0,33.5,123.0,0.0,7.02,0.0
"Zay Jones",2017,5348,"East Carolina",WR,74,201,9.0,32.5,0,4.45,15,36.5,133.0,4.08,6.79,0.0
"Brad Kaaya",2017,5349,Miami,QB,76,214,9.75,32.0,0,0.0,0,0.0,0.0,0.0,0.0,0.0
"Kyle Kalis",2017,6875,Michigan,OG,76,308,10.25,32.88,0,0.0,0,0.0,0.0,4.62,0.0,0.0
"Alvin Kamara",2017,5350,Tennessee,RB,70,214,9.25,32.75,0,4.56,15,39.5,131.0,4.56,0.0,11.78
"Damontae Kazee",2017,5505,"San Diego St.",CB,70,184,8.63,30.88,0,4.54,11,34.0,124.0,0.0,0.0,0.0
"Chad Kelly",2017,6876,Mississippi,QB,74,224,0.0,0.0,0,0.0,0,0.0,0.0,4.08,0.0,0.0
"Desmond King",2017,5507,Iowa,S,70,201,9.63,31.13,0,0.0,14,34.0,117.0,4.49,6.67,12.06
"Kevin King",2017,5508,Washington,CB,75,200,9.5,32.0,0,4.43,11,39.5,0.0,4.34,6.56,0.0
"George Kittle",2017,5509,Iowa,TE,76,247,9.25,33.13,0,4.52,18,35.0,132.0,4.59,0.0,12.41
"DeShone Kizer",2017,5351,"Notre Dame",QB,76,233,9.88,33.13,0,4.83,0,30.5,107.0,0.0,7.4,0.0
"Tanoh Kpassagnon",2017,5510,Villanova,DE,79,289,10.63,35.63,0,4.83,23,30.0,128.0,4.69,7.46,0.0
"Cooper Kupp",2017,5353,"Eastern Washington",WR,74,204,9.5,31.5,0,4.62,0,31.0,116.0,4.12,6.75,0.0
"Forrest Lamp",2017,5354,"Western Kentucky",OG,76,309,10.63,32.25,0,5.0,34,27.5,111.0,4.56,7.55,0.0
"Ashton Lampkin",2017,5511,"Oklahoma St.",CB,72,189,9.38,31.0,0,4.52,19,34.5,120.0,4.21,0.0,11.19
"Jerome Lane",2017,5355,Akron,WR,74,226,9.75,31.5,0,4.6,16,35.0,125.0,4.71,6.87,0.0
"Harvey Langi",2017,5512,BYU,DE,74,251,9.13,32.88,0,0.0,23,33.0,118.0,0.0,7.0,0.0
"Brendan Langley",2017,6877,Lamar,CB,72,201,9.5,32.0,0,4.43,22,35.5,123.0,0.0,7.06,0.0
"Marshon Lattimore",2017,5513,"Ohio St.",CB,72,193,8.88,31.25,0,4.36,0,38.5,132.0,4.12,0.0,11.45
"Carl Lawson",2017,5514,Auburn,DE,74,261,10.38,31.5,0,4.67,35,33.0,114.0,4.62,7.46,0.0
"Javarius Leamon",2017,5515,"South Carolina St.",OL,79,332,9.63,35.25,0,0.0,22,23.5,0.0,0.0,0.0,0.0
"Jeremiah Ledbetter",2017,5356,Arkansas,DE,75,280,10.0,34.25,0,4.84,29,32.5,113.0,4.47,7.55,12.14
"Cameron Lee",2017,5357,"Illinois St.",OG,77,312,10.88,33.88,0,5.44,18,25.5,100.0,4.6,8.02,0.0
"Elijah Lee",2017,6878,"Kansas St.",LB,75,228,0.0,0.0,0,0.0,0,0.0,0.0,4.3,0.0,0.0
"Marquel Lee",2017,5516,"Wake Forest",LB,75,240,9.5,32.5,0,0.0,25,31.0,118.0,0.0,0.0,0.0
"Jordan Leggett",2017,5517,Clemson,TE,77,258,10.38,33.5,0,0.0,18,33.0,114.0,4.45,7.12,12.34
"Mitch Leidner",2017,5358,Minnesota,QB,75,226,10.0,33.75,0,4.93,0,34.5,123.0,4.45,6.96,0.0
"Corey Levin",2017,5359,Tennessee-Chattanooga,OL,76,307,10.88,33.5,0,5.16,26,26.5,106.0,0.0,7.55,0.0
"Jourdan Lewis",2017,5518,Michigan,CB,70,188,9.25,31.63,0,4.54,15,34.5,121.0,0.0,0.0,0.0
"William Likely",2017,5519,Maryland,FS,67,180,9.5,29.0,0,0.0,15,0.0,0.0,0.0,0.0,0.0
"Sefo Liufau",2017,5360,Colorado,QB,75,232,10.75,33.5,0,5.08,0,27.0,105.0,4.23,7.32,0.0
"T.J. Logan",2017,5361,"North Carolina",RB,69,196,9.0,32.0,0,4.37,17,33.5,121.0,4.43,0.0,12.0
"Shalom Luani",2017,6879,"Washington St.",S,71,202,9.75,32.0,0,4.55,12,31.0,116.0,4.34,6.87,0.0
"Keevan Lucas",2017,5362,Tulsa,WR,69,192,9.88,31.88,0,4.55,11,32.5,119.0,4.14,7.23,0.0
"Marlon Mack",2017,5363,"South Florida",RB,71,213,9.0,32.0,0,4.5,15,35.5,125.0,4.22,0.0,11.03
"Erik Magnuson",2017,6880,Michigan,OG,78,305,0.0,0.0,0,0.0,0,0.0,0.0,4.94,0.0,0.0
"Patrick Mahomes",2017,5364,"Texas Tech",QB,74,225,9.25,33.25,0,4.8,0,30.0,114.0,4.31,6.88,0.0
"Josh Malone",2017,5365,Tennessee,WR,75,208,9.63,31.38,0,4.4,10,30.5,121.0,4.13,7.05,11.32
"Damien Mama",2017,5366,USC,OG,75,334,11.0,35.0,0,5.84,0,24.5,96.0,4.9,8.51,0.0
"Gabe Marks",2017,5367,"Washington St.",WR,71,189,8.75,30.38,0,4.56,11,29.5,117.0,0.0,7.01,0.0
"JoJo Mathis",2017,6881,Washington,OLB,74,266,9.0,33.0,0,0.0,24,0.0,0.0,0.0,0.0,0.0
"Art Maulet",2017,6882,Memphis,DB,70,189,9.63,31.25,0,4.62,18,34.5,120.0,4.22,0.0,0.0
"Marcus Maye",2017,5522,Florida,S,72,210,9.13,32.5,0,0.0,0,0.0,0.0,4.12,0.0,11.19
"Christian McCaffrey",2017,5368,Stanford,RB,71,202,9.0,30.0,0,4.48,10,37.5,121.0,4.37,6.57,11.71
"Conor McDermott",2017,5523,UCLA,OT,80,307,11.0,34.75,0,5.18,0,28.5,105.0,0.0,7.52,0.0
"Malik McDowell",2017,5369,"Michigan St.",DT,78,295,10.5,34.75,0,4.85,23,28.5,112.0,0.0,7.69,0.0
"Elijah McGuire",2017,5370,Louisiana-Lafayette,RB,70,214,9.0,31.0,0,4.53,15,36.0,120.0,0.0,7.26,0.0
"Takkarist McKinley",2017,5524,UCLA,DE,74,250,9.75,34.75,0,4.59,24,33.0,122.0,4.32,7.48,11.83
"Raekwon McMillan",2017,5525,"Ohio St.",LB,74,240,9.75,33.0,0,4.61,23,33.0,121.0,0.0,7.15,0.0
"Jeremy McNichols",2017,5372,"Boise St.",RB,69,214,10.0,31.5,0,4.49,0,35.5,121.0,0.0,6.93,0.0
"Obi Melifonwu",2017,6883,Connecticut,S,76,224,9.13,32.5,0,4.4,17,44.0,141.0,0.0,0.0,0.0
"Matt Milano",2017,5526,"Boston College",OLB,72,223,9.38,32.0,0,4.67,24,35.0,126.0,4.38,0.0,0.0
"Fabian Moreau",2017,5527,UCLA,CB,72,206,9.0,31.38,0,4.35,0,38.0,136.0,0.0,6.94,0.0
"Drew Morgan",2017,5373,Arkansas,WR,72,190,9.5,30.38,0,4.74,10,30.0,112.0,4.19,6.85,11.31
"Jordan Morgan",2017,5374,"Kutztown (PA)",OG,75,309,10.0,34.63,0,5.36,21,27.0,102.0,4.25,8.13,11.71
"Avery Moss",2017,5528,"Youngstown St.",DE,75,264,10.38,34.5,0,4.79,14,32.5,114.0,4.62,7.25,0.0
"Taylor Moton",2017,5529,"Western Michigan",OG,77,319,10.63,34.13,0,5.18,23,30.5,109.0,0.0,7.73,0.0
"Al-Quadin Muhammad",2017,5530,Miami,DE,75,253,9.38,33.25,0,4.88,22,30.5,117.0,4.37,7.25,0.0
"Levon Myers",2017,6884,"Northern Illinois",OT,77,309,0.0,0.0,0,0.0,0,0.0,0.0,5.06,0.0,0.0
"Jalen Myrick",2017,5531,Minnesota,CB,70,200,8.75,31.63,0,4.28,13,37.5,124.0,4.34,7.06,11.84
"Montae Nicholson",2017,6885,"Michigan St.",S,74,212,9.5,33.38,0,4.42,0,35.0,125.0,4.19,0.0,0.0
"Hardy Nickerson",2017,5532,Illinois,LB,72,232,10.0,32.0,0,4.78,18,33.0,116.0,4.21,0.0,0.0
"David Njoku",2017,5533,Miami,TE,76,246,10.0,35.25,0,4.64,21,37.5,133.0,4.51,6.97,0.0
"Speedy Noil",2017,5375,"Texas A&M",WR,71,199,9.25,30.0,0,0.0,18,43.5,133.0,0.0,0.0,0.0
"Bradley Northnagel",2017,5376,California,LS,74,243,10.0,32.5,0,5.3,0,25.5,99.0,4.33,0.0,0.0
"Noble Nwachukwu",2017,5534,"West Virginia",DE,73,268,9.0,33.13,0,4.83,27,30.5,110.0,4.37,0.0,0.0
"Ifeadi Odenigbo",2017,5535,Northwestern,DL,75,258,10.5,32.63,0,4.72,25,31.5,128.0,0.0,7.26,0.0
"Dare Ogunbowale",2017,5377,Wisconsin,RB,71,213,9.13,31.38,0,4.65,14,35.0,120.0,4.56,6.99,11.75
"Larry Ogunjobi",2017,6886,"North Carolina Charlotte",DT,75,305,10.0,32.63,0,4.97,26,32.0,116.0,4.72,7.55,0.0
"Tyler Orlosky",2017,5378,"West Virginia",C,75,298,9.75,32.25,0,0.0,24,0.0,0.0,3.89,0.0,11.14
"Scott Orndoff",2017,5536,Pittsburgh,TE,77,253,10.0,33.25,0,4.84,17,27.0,112.0,0.0,7.37,0.0
"Zach Pascal",2017,5379,"Old Dominion",WR,74,219,10.0,32.0,0,4.55,14,36.0,126.0,0.0,7.11,0.0
"Jabrill Peppers",2017,6887,Michigan,LB,71,213,9.63,30.75,0,4.46,19,35.5,128.0,0.0,0.0,0.0
"Samaje Perine",2017,5380,Oklahoma,RB,71,233,10.0,30.38,0,4.65,30,33.0,116.0,0.0,7.26,0.0
"Nathan Peterman",2017,5381,Pittsburgh,QB,74,226,9.88,32.0,0,4.82,0,31.0,110.0,4.31,7.14,0.0
"Caleb Peterson",2017,6888,"North Carolina",OG,77,300,0.0,0.0,0,0.0,0,0.0,0.0,4.84,0.0,0.0
"Carroll Phillips",2017,5537,Illinois,DE,75,242,9.75,33.0,0,4.64,23,30.0,123.0,4.41,7.06,0.0
"Antonio Pipkin",2017,6889,Tiffin,QB,73,225,10.0,32.25,0,0.0,0,0.0,0.0,0.0,0.0,0.0
"Hayden Plinke",2017,5538,"Texas-El Paso",TE,76,264,10.0,32.5,0,4.97,18,28.0,109.0,0.0,7.55,0.0
"Ethan Pocic",2017,5382,LSU,C,78,310,10.13,33.13,0,5.15,26,27.0,107.0,0.0,7.89,0.0
"Ejuan Price",2017,5539,Pittsburgh,DE,71,241,10.0,32.75,0,4.84,20,31.5,117.0,4.31,0.0,11.84
"Donnel Pumphrey",2017,5383,"San Diego St.",RB,68,176,8.5,29.0,0,4.48,5,33.5,117.0,4.46,0.0,12.03
"Elijah Qualls",2017,5384,Washington,DT,73,313,9.38,30.63,0,5.13,33,31.5,105.0,4.57,7.65,0.0
"James Quick",2017,5385,Louisville,WR,72,186,9.0,30.75,0,4.6,11,31.0,115.0,4.46,7.0,0.0
"Ryan Ramczyk",2017,5540,Wisconsin,OT,78,310,10.88,33.75,0,0.0,25,0.0,0.0,4.82,0.0,0.0
"Michael Rector",2017,5386,Stanford,WR,72,193,9.25,32.5,0,4.42,0,36.5,129.0,0.0,6.77,0.0
"Haason Reddick",2017,5541,Temple,DE,73,237,10.13,32.75,0,4.52,24,36.5,133.0,5.0,7.01,0.0
"Devine Redding",2017,5387,Indiana,RB,68,205,9.63,29.25,0,4.76,16,30.5,116.0,4.22,7.18,11.21
"Jalen Reeves-Maybin",2017,5542,Tennessee,LB,72,230,9.63,32.25,0,0.0,0,0.0,0.0,0.0,0.0,0.0
"Austin Rehkow",2017,5543,Idaho,P,75,214,9.88,31.88,0,0.0,0,0.0,0.0,4.47,0.0,0.0
"Josh Reynolds",2017,5388,"Texas A&M",WR,75,194,9.38,31.5,0,4.52,0,37.0,124.0,4.46,6.83,11.68
"Duke Riley",2017,5544,LSU,OLB,72,232,9.25,32.0,0,4.58,18,34.5,122.0,0.0,6.89,0.0
"Derek Rivers",2017,5545,"Youngstown St.",DE,76,248,9.38,32.75,0,4.61,30,35.0,123.0,0.0,6.94,0.0
"Michael Roberts",2017,5546,Toledo,TE,76,270,11.5,33.0,0,4.86,0,30.0,110.0,0.0,7.05,0.0
"Jalen Robinette",2017,5389,"Air Force",WR,75,220,10.88,32.38,0,4.62,13,31.5,120.0,4.47,6.77,0.0
"Cam Robinson",2017,5547,Alabama,OT,78,322,10.5,35.5,0,5.15,0,26.0,106.0,0.0,7.81,0.0
"Isaac Rochell",2017,5549,"Notre Dame",DT,76,280,9.75,32.75,0,4.89,25,31.5,114.0,0.0,0.0,0.0
"Darreus Rogers",2017,5390,USC,WR,73,216,10.13,32.0,0,0.0,8,26.5,112.0,4.28,7.22,11.39
"Sam Rogers",2017,5391,"Virginia Tech",FB,70,231,9.75,30.25,0,4.93,19,32.0,114.0,0.0,7.27,0.0
"Fred Ross",2017,5392,"Mississippi St.",WR,73,213,9.25,31.25,0,4.51,10,35.0,113.0,0.0,6.99,0.0
"John Ross",2017,5393,Washington,WR,71,188,8.75,31.5,0,4.22,0,37.0,133.0,4.33,0.0,0.0
"Chase Roullier",2017,5394,Wyoming,C,76,312,9.5,32.25,0,5.54,19,26.5,97.0,4.35,7.6,0.0
"Travis Rudolph",2017,5395,"Florida St.",WR,72,189,9.25,31.88,0,4.65,12,31.5,114.0,4.56,6.93,0.0
"Cooper Rush",2017,5396,"Central Michigan",QB,75,228,9.13,32.38,0,4.93,0,27.0,105.0,0.0,7.23,0.0
"Seth Russell",2017,5398,Baylor,QB,75,213,9.63,32.25,0,0.0,0,0.0,0.0,0.0,0.0,0.0
"Victor Salako",2017,6890,"Oklahoma St.",OT,78,335,0.0,0.0,0,0.0,0,0.0,0.0,4.78,0.0,0.0
"Curtis Samuel",2017,5397,"Ohio St.",WR,71,196,9.5,31.25,0,4.31,18,37.0,119.0,0.0,7.09,0.0
"Eric Saubert",2017,5550,Drake,TE,77,253,10.38,33.5,0,0.0,22,33.0,121.0,0.0,0.0,0.0
"Artavis Scott",2017,5399,Clemson,WR,70,193,9.38,31.0,0,4.61,13,31.0,116.0,0.0,7.19,0.0
"Ricky Seals-Jones",2017,5400,"Texas A&M",WR,77,243,9.63,33.13,0,4.69,17,28.0,121.0,4.81,7.46,0.0
"Justin Senior",2017,5551,"Mississippi St.",OT,77,331,10.25,34.0,0,5.55,0,23.0,98.0,4.21,8.19,0.0
"Adam Shaheen",2017,5552,Ashland,TE,78,278,9.63,33.5,0,4.79,24,32.5,121.0,0.0,7.09,0.0
"David Sharpe",2017,5553,Florida,OT,78,343,10.0,35.38,0,5.44,19,20.5,97.0,0.0,7.87,0.0
"Rushel Shell",2017,6891,"West Virginia",RB,70,227,9.63,30.0,0,4.74,21,32.5,0.0,4.08,0.0,0.0
"Garrett Sickels",2017,5555,"Penn St.",DE,75,261,9.5,32.13,0,4.9,20,28.0,105.0,4.39,7.21,0.0
"Nico Siragusa",2017,5402,"San Diego St.",OG,76,319,10.63,33.5,0,5.35,28,32.0,110.0,0.0,7.71,0.0
"Dan Skipper",2017,5556,Arkansas,OT,82,309,10.5,33.38,0,5.42,0,26.0,97.0,0.0,7.61,0.0
"Tanzel Smart",2017,5403,Tulane,DT,73,296,9.63,32.88,0,5.24,22,27.0,105.0,0.0,7.53,0.0
"De'Veon Smith",2017,5404,Michigan,RB,71,223,9.0,29.5,0,0.0,22,29.0,108.0,0.0,7.3,0.0
"Jonnu Smith",2017,5557,"Florida International",TE,75,248,9.25,32.88,0,4.62,22,38.0,127.0,0.0,0.0,0.0
"JuJu Smith-Schuster",2017,5405,USC,WR,73,215,10.5,32.88,0,4.54,15,32.5,120.0,5.01,0.0,0.0
"Dawuane Smoot",2017,5558,Illinois,DE,75,264,9.25,33.25,0,4.77,0,29.5,117.0,4.28,7.18,0.0
"Jeremy Sprinkle",2017,5559,Arkansas,TE,77,252,10.75,34.5,0,4.69,0,29.0,116.0,4.33,0.0,11.85
"Jamari Staples",2017,5406,Louisville,WR,75,195,9.5,33.5,0,4.51,0,36.0,130.0,4.14,0.0,0.0
"Jordan Sterns",2017,6892,"Oklahoma St.",S,71,196,8.88,31.38,0,0.0,0,0.0,0.0,4.2,0.0,10.71
"Freddie Stevenson",2017,5407,"Florida St.",FB,72,234,9.63,32.75,0,4.75,24,28.0,111.0,4.36,7.65,11.65
"ArDarius Stewart",2017,5408,Alabama,WR,71,204,9.38,32.5,0,4.49,0,34.0,124.0,4.21,0.0,11.23
"Channing Stribling",2017,5560,Michigan,CB,73,188,8.5,31.5,0,4.6,5,31.5,114.0,4.32,6.94,0.0
"Cameron Sutton",2017,5561,Tennessee,CB,71,188,8.25,30.0,0,4.52,11,34.0,120.0,0.0,6.81,0.0
"Ryan Switzer",2017,5409,"North Carolina",WR,68,181,9.25,28.0,0,4.51,11,32.0,116.0,4.01,6.77,11.14
"Teez Tabor",2017,5562,Florida,CB,72,199,8.63,32.0,0,4.62,9,31.0,120.0,0.0,0.0,0.0
"Cordrea Tankersley",2017,5563,Clemson,CB,73,199,9.13,32.25,0,4.4,13,29.5,121.0,0.0,7.0,0.0
"Taywan Taylor",2017,5410,"Western Kentucky",WR,71,203,9.25,32.63,0,4.5,13,33.5,132.0,0.0,6.57,0.0
"Trent Taylor",2017,5411,"Louisiana Tech",WR,68,181,8.25,28.75,0,4.63,13,33.0,117.0,0.0,6.74,0.0
"Vincent Taylor",2017,5412,"Oklahoma St.",DT,75,304,10.13,34.38,0,5.07,26,28.5,108.0,4.59,7.58,0.0
"Sam Tevi",2017,5565,Utah,OT,77,311,10.13,34.0,0,5.27,15,26.0,107.0,4.89,7.84,0.0
"Nate Theaker",2017,5413,"Wayne St. (MI)",OG,77,315,9.63,32.63,0,5.41,23,27.0,105.0,4.55,7.97,0.0
"Jahad Thomas",2017,5414,Temple,RB,70,190,9.0,30.13,0,4.62,11,32.0,116.0,0.0,0.0,0.0
"Noel Thomas",2017,5415,Connecticut,WR,72,205,8.75,30.0,0,4.63,9,32.5,118.0,0.0,0.0,0.0
"Solomon Thomas",2017,5566,Stanford,DE,75,273,9.38,33.0,0,4.69,30,35.0,126.0,4.58,6.95,12.3
"Tedric Thompson",2017,6893,Colorado,FS,72,204,9.63,31.5,0,4.6,17,32.5,117.0,4.43,7.11,12.13
"Jack Tocho",2017,5567,"N.C. State",CB,72,202,9.38,31.63,0,4.54,21,35.0,125.0,4.07,0.0,0.0
"Dalvin Tomlinson",2017,5416,Alabama,DT,75,310,10.13,33.5,0,5.19,0,27.0,110.0,4.39,7.68,0.0
"Alek Torgersen",2017,6894,Pennsylvania,QB,75,230,0.0,0.0,0,0.0,0,0.0,0.0,4.31,0.0,0.0
"Jon Toth",2017,5417,Kentucky,C,77,307,10.0,33.63,0,5.51,21,25.5,100.0,4.37,8.09,11.77
"Damarius Travis",2017,6895,Minnesota,S,73,206,9.0,31.75,0,0.0,13,32.5,115.0,0.0,7.08,0.0
"Stevie Tu'Ikolovatu",2017,5419,USC,DT,73,331,10.25,33.0,0,5.45,28,24.5,91.0,4.65,7.83,0.0
"Josh Tupou",2017,6896,Colorado,NT,75,325,0.0,0.0,0,0.0,0,0.0,0.0,4.93,0.0,0.0
"Michael Tyson",2017,5568,Cincinnati,S,73,204,9.25,31.75,0,4.56,17,33.0,118.0,0.0,0.0,0.0
"Jerry Ugokwe",2017,5569,"William & Mary",OT,79,321,10.38,35.38,0,5.61,18,26.0,103.0,5.21,8.35,0.0
"Conrad Ukropina",2017,6897,Stanford,K,72,190,9.13,31.38,0,0.0,0,0.0,0.0,0.0,0.0,0.0
"Tanner Vallejo",2017,5570,"Boise St.",LB,73,228,9.63,30.5,0,4.67,0,33.5,121.0,0.0,0.0,0.0
"Eddie Vanderdoes",2017,5420,UCLA,DT,75,305,10.63,33.13,0,4.99,28,28.5,111.0,0.0,7.69,0.0
"Justin Vogel",2017,5571,Miami,P,76,219,9.0,32.5,0,4.7,0,34.0,0.0,4.53,0.0,0.0
"Charles Walker",2017,5421,Oklahoma,DT,74,310,9.63,33.75,0,4.96,25,28.0,107.0,4.13,7.89,11.58
"DeMarcus Walker",2017,5573,"Florida St.",DE,76,280,10.5,33.0,0,0.0,18,0.0,0.0,4.89,0.0,0.0
"Carlos Watkins",2017,5423,Clemson,DT,75,309,10.38,34.63,0,0.0,25,0.0,0.0,4.73,0.0,0.0
"Deshaun Watson",2017,5424,Clemson,QB,74,221,9.75,33.0,0,4.66,0,32.5,119.0,0.0,6.95,0.0
"T.J. Watt",2017,5574,Wisconsin,LB,76,252,11.0,33.13,0,4.69,21,37.0,128.0,4.78,6.79,0.0
"Davis Webb",2017,5425,California,QB,77,229,9.25,33.13,0,4.79,0,33.0,118.0,0.0,6.92,0.0
"Chris Wormley",2017,5278,Michigan,DT,77,298,0.0,0.0,0,0.0,23,0.0,0.0,0.0,0.0,0.0
"Chris Carson",2017,5293,"Oklahoma State",RB,72,218,0.0,0.0,0,4.58,23,37.0,130.0,0.0,0.0,0.0
"Matthew Dayes",2017,5308,"North Carolina State",RB,69,205,0.0,0.0,0,4.47,18,28.0,109.0,0.0,0.0,0.0
"Kyle Fuller",2017,5321,Baylor,C,77,307,0.0,0.0,0,5.24,23,26.0,96.0,4.84,7.71,0.0
"Davon Gaudchaux",2017,5326,LSU,DT,75,310,0.0,0.0,0,5.27,18,0.0,0.0,0.0,0.0,0.0
"Chris Godwin",2017,5327,"Penn State",WR,73,209,0.0,0.0,0,4.42,19,36.0,126.0,4.0,7.01,0.0
"Treyvon Hester",2017,5334,Toledo,DT,74,300,0.0,0.0,0,0.0,0,0.0,0.0,0.0,0.0,0.0
"Trevor Knight",2017,5352,"Texas A&M",QB,73,219,0.0,0.0,0,4.54,0,35.5,125.0,4.14,7.04,0.0
"Isaiah McKenzie",2017,5371,Georgia,WR,67,173,0.0,0.0,0,4.42,11,36.0,123.0,4.15,6.64,0.0
"Rushel Shell III",2017,5401,"West Virginia",RB,70,227,0.0,0.0,0,4.74,21,32.5,0.0,0.0,0.0,0.0
"Mitchell Trubisky",2017,5418,"North Carolina",QB,74,222,0.0,0.0,0,4.67,0,27.5,116.0,4.25,6.87,0.0
"Greg Ward Jr.",2017,5422,Houston,WR,71,186,0.0,0.0,0,0.0,10,0.0,0.0,0.0,0.0,0.0
"Dede Westbrook",2017,5426,Oklahoma,WR,72,178,0.0,0.0,0,0.0,0,0.0,0.0,0.0,0.0,0.0
"Kermit Whitfield",2017,5427,"Florida State",WR,68,185,0.0,0.0,0,4.44,8,32.5,120.0,4.37,7.17,0.0
"Jamaal Williams",2017,5428,"Brigham Young",RB,72,212,0.0,0.0,0,4.59,0,30.0,123.0,4.53,7.25,0.0
"Joe Williams",2017,5429,Utah,RB,71,210,0.0,0.0,0,4.41,14,35.0,125.0,4.19,7.19,0.0
"Mike Williams",2017,5430,Clemson,WR,76,218,0.0,0.0,0,0.0,15,32.5,121.0,0.0,0.0,0.0
"Stanley Williams",2017,5431,Kentucky,RB,67,190,0.0,0.0,0,4.51,18,36.0,121.0,4.18,6.86,0.0
"Jesus Wilson",2017,5432,"Florida State",WR,69,189,0.0,0.0,0,4.57,10,0.0,119.0,4.57,0.0,0.0
"Garrett Bolles",2017,5444,Utah,OT,77,297,0.0,0.0,0,4.95,0,28.0,115.0,4.55,7.29,0.0
"Billy Brown",2017,5448,Shepherd,TE,75,254,0.0,0.0,0,4.7,23,29.0,118.0,0.0,0.0,0.0
"Bryan Cox Jr.",2017,5463,Florida,DE,75,265,0.0,0.0,0,4.89,16,26.5,109.0,4.46,7.36,0.0
"Brooks Ellis",2017,5476,Arkansas,ILB,74,240,0.0,0.0,0,4.79,18,29.5,115.0,4.25,6.8,0.0
"Johnathan Ford",2017,5480,Auburn,FS,71,205,0.0,0.0,0,0.0,20,0.0,0.0,0.0,0.0,0.0
"Will Holden",2017,5494,Vanderbilt,OT,79,311,0.0,0.0,0,5.47,23,28.0,111.0,4.72,7.71,0.0
"Rayshawn Jenkins",2017,5500,"Miami (FL)",FS,73,214,0.0,0.0,0,4.51,19,37.0,128.0,0.0,0.0,0.0
"John Johnson",2017,5501,"Boston College",FS,73,205,0.0,0.0,0,4.61,14,37.0,119.0,4.18,6.72,0.0
"Keith Kelsey",2017,5506,Louisville,ILB,72,233,0.0,0.0,0,4.92,23,29.5,112.0,4.56,7.28,0.0
"Arthur Maulet",2017,5520,Memphis,CB,70,189,0.0,0.0,0,4.62,18,34.5,120.0,0.0,0.0,0.0
"Joe Mathis",2017,5521,Washington,DE,74,266,0.0,0.0,0,0.0,24,0.0,0.0,0.0,0.0,0.0
"Ezra Robinson",2017,5548,"Tennessee State",CB,71,189,0.0,0.0,0,4.47,13,34.0,130.0,0.0,0.0,0.0
"Sojourn Shelton",2017,5554,Wisconsin,CB,69,177,0.0,0.0,0,4.51,10,35.0,120.0,4.02,6.92,0.0
"Pita Taumoepenu",2017,5564,Utah,OLB,73,243,0.0,0.0,0,4.67,24,28.5,112.0,4.33,6.91,0.0
"Anthony Walker Jr.",2017,5572,Northwestern,ILB,73,238,0.0,0.0,0,4.65,23,30.5,116.0,4.34,7.23,0.0
"Chad Wheeler",2017,5575,"Southern California",OT,79,306,0.0,0.0,0,5.48,15,20.5,105.0,5.01,0.0,0.0
"Marquez White",2017,5576,"Florida State",CB,72,194,0.0,0.0,0,4.59,0,36.0,123.0,0.0,0.0,0.0
"TreDavious White",2017,5577,LSU,CB,71,192,0.0,0.0,0,4.47,16,32.0,119.0,4.32,6.9,0.0
"Marcus Williams",2017,5578,Utah,FS,73,202,0.0,0.0,0,4.56,14,43.5,129.0,4.2,6.85,0.0
"Tim Williams",2017,5579,Alabama,OLB,75,244,0.0,0.0,0,4.68,0,33.5,124.0,4.57,7.36,0.0
"Jordan Willis",2017,5580,"Kansas State",DE,76,255,0.0,0.0,0,4.53,24,39.0,125.0,4.28,6.85,0.0
"Howard Wilson",2017,5581,Houston,CB,73,184,0.0,0.0,0,4.57,0,33.5,119.0,3.94,6.68,0.0
"Quincy Wilson",2017,5582,Florida,CB,73,211,0.0,0.0,0,4.54,14,32.0,118.0,4.02,6.86,0.0
"Deatrich Wise Jr.",2017,5583,Arkansas,DE,77,274,0.0,0.0,0,4.92,22,33.0,124.0,0.0,0.0,0.0
"Ahkello Witherspoon",2017,5584,Colorado,CB,75,198,0.0,0.0,0,4.45,0,40.5,127.0,4.13,6.93,0.0
